date,trade_id,actual_pnl
2025-06-02,1,-19.2
2025-06-03,1,-351.73
2025-06-04,1,222.91
2025-06-05,1,188.93
2025-06-06,1,-279.35
2025-06-07,1,-3.74
2025-06-08,1,223.69
2025-06-09,1,409.59
2025-06-10,1,-143.16
2025-06-11,1,24.91
2025-06-12,1,240.39
2025-06-13,1,-19.07
2025-06-14,1,56.93
2025-06-15,1,471.34
2025-06-16,1,258.83
2025-06-17,1,-328.93
2025-06-18,1,393.72
2025-06-19,1,-25.53
2025-06-20,1,403.82
2025-06-21,1,-322.66
2025-06-22,1,-18.43
2025-06-23,1,-46.52
2025-06-24,1,122.15
2025-06-25,1,373.44
2025-06-26,1,-39.47
2025-06-27,1,-162.08
2025-06-28,1,152.38
2025-06-29,1,-97.1
2025-06-30,1,7.99
2025-06-02,2,-6.74
2025-06-03,2,-3.92
2025-06-04,2,11.21
2025-06-05,2,12.45
2025-06-06,2,-18.32
2025-06-07,2,-21.53
2025-06-08,2,-9.29
2025-06-09,2,20.03
2025-06-10,2,59.3
2025-06-11,2,-11.01
2025-06-12,2,9.52
2025-06-13,2,-19.33
2025-06-14,2,-19.83
2025-06-15,2,-9.45
2025-06-16,2,-5.06
2025-06-17,2,-15.16
2025-06-18,2,-0.3
2025-06-19,2,-10.17
2025-06-20,2,-4.33
2025-06-21,2,-27.5
2025-06-22,2,0.33
2025-06-23,2,-7.61
2025-06-24,2,6.3
2025-06-25,2,-6.23
2025-06-26,2,11.84
2025-06-27,2,-0.31
2025-06-28,2,8.95
2025-06-29,2,22.73
2025-06-30,2,-24.87
2025-06-02,3,116.93
2025-06-03,3,28.95
2025-06-04,3,113.03
2025-06-05,3,-26.05
2025-06-06,3,99.95
2025-06-07,3,76.71
2025-06-08,3,-65.18
2025-06-09,3,-138.95
2025-06-10,3,4.15
2025-06-11,3,44.54
2025-06-12,3,109.38
2025-06-13,3,-156.71
2025-06-14,3,84.86
2025-06-15,3,-127.31
2025-06-16,3,-16.63
2025-06-17,3,26.46
2025-06-18,3,-107.68
2025-06-19,3,-72.59
2025-06-20,3,-58.68
2025-06-21,3,188.32
2025-06-22,3,155.75
2025-06-23,3,-101.71
2025-06-24,3,293.2
2025-06-25,3,-185.16
2025-06-26,3,-113.63
2025-06-27,3,427.87
2025-06-28,3,-111.4
2025-06-29,3,238.46
2025-06-30,3,-4.63
2025-06-02,4,-13.1
2025-06-03,4,82.46
2025-06-04,4,-14.73
2025-06-05,4,-4.42
2025-06-06,4,30.23
2025-06-07,4,-27.98
2025-06-08,4,19.73
2025-06-09,4,-40.45
2025-06-10,4,85.6
2025-06-11,4,78.68
2025-06-12,4,-6.53
2025-06-13,4,20.26
2025-06-14,4,-48.97
2025-06-15,4,-45.95
2025-06-16,4,-37.21
2025-06-17,4,56.46
2025-06-18,4,8.18
2025-06-19,4,-39.95
2025-06-20,4,50.75
2025-06-21,4,-32.32
2025-06-22,4,-20.07
2025-06-23,4,115.7
2025-06-24,4,28.46
2025-06-25,4,18.55
2025-06-26,4,-48.66
2025-06-27,4,-34.35
2025-06-28,4,-26.92
2025-06-29,4,-26.07
2025-06-30,4,54.08
2025-06-02,5,-9.1
2025-06-03,5,2.44
2025-06-04,5,6.13
2025-06-05,5,-6.86
2025-06-06,5,-1.9
2025-06-07,5,-10.87
2025-06-08,5,2.29
2025-06-09,5,-8.77
2025-06-10,5,-7.21
2025-06-11,5,-14.85
2025-06-12,5,6.32
2025-06-13,5,-5.7
2025-06-14,5,2.1
2025-06-15,5,-5.07
2025-06-16,5,-13.16
2025-06-17,5,-2.01
2025-06-18,5,-4.66
2025-06-19,5,-0.27
2025-06-20,5,-0.75
2025-06-21,5,0.81
2025-06-22,5,0.49
2025-06-23,5,2.61
2025-06-24,5,3.25
2025-06-25,5,-12.93
2025-06-26,5,-2.75
2025-06-27,5,-15.28
2025-06-28,5,1.21
2025-06-29,5,0.85
2025-06-30,5,-12.71
2025-06-02,6,-5.11
2025-06-03,6,-38.98
2025-06-04,6,-36.72
2025-06-05,6,26.09
2025-06-06,6,-35.83
2025-06-07,6,-5.15
2025-06-08,6,-45.62
2025-06-09,6,36.91
2025-06-10,6,-43.05
2025-06-11,6,-11.46
2025-06-12,6,-31.5
2025-06-13,6,-23.45
2025-06-14,6,-1.48
2025-06-15,6,-49.17
2025-06-16,6,-26.27
2025-06-17,6,-55.61
2025-06-18,6,7.86
2025-06-19,6,-34.95
2025-06-20,6,-44.03
2025-06-21,6,-13.96
2025-06-22,6,-18.71
2025-06-23,6,-37.72
2025-06-24,6,-8.2
2025-06-25,6,8.4
2025-06-26,6,-48.29
2025-06-27,6,54.62
2025-06-28,6,-41.86
2025-06-29,6,-41.34
2025-06-30,6,-48.57
2025-06-02,7,-58.95
2025-06-03,7,0.42
2025-06-04,7,-111.67
2025-06-05,7,63.99
2025-06-06,7,15.02
2025-06-07,7,-101.35
2025-06-08,7,-131.38
2025-06-09,7,-59.96
2025-06-10,7,187.59
2025-06-11,7,69.05
2025-06-12,7,-65.84
2025-06-13,7,42.31
2025-06-14,7,-68.75
2025-06-15,7,-48.56
2025-06-16,7,-9.51
2025-06-17,7,-17.08
2025-06-18,7,-36.7
2025-06-19,7,109.76
2025-06-20,7,50.66
2025-06-21,7,-22.04
2025-06-22,7,-23.06
2025-06-23,7,-36.0
2025-06-24,7,-140.38
2025-06-25,7,-8.78
2025-06-26,7,54.95
2025-06-27,7,-156.66
2025-06-28,7,131.43
2025-06-29,7,121.69
2025-06-30,7,35.57
2025-06-02,8,-11.6
2025-06-03,8,-29.42
2025-06-04,8,-21.28
2025-06-05,8,-25.96
2025-06-06,8,-30.84
2025-06-07,8,-8.88
2025-06-08,8,-24.69
2025-06-09,8,17.0
2025-06-10,8,-29.06
2025-06-11,8,-30.07
2025-06-12,8,-21.22
2025-06-13,8,-21.95
2025-06-14,8,16.01
2025-06-15,8,2.62
2025-06-16,8,-6.96
2025-06-17,8,-23.65
2025-06-18,8,-26.1
2025-06-19,8,-0.36
2025-06-20,8,-21.49
2025-06-21,8,4.95
2025-06-22,8,-12.22
2025-06-23,8,-20.73
2025-06-24,8,-23.84
2025-06-25,8,-17.23
2025-06-26,8,8.44
2025-06-27,8,1.34
2025-06-28,8,-1.6
2025-06-29,8,1.08
2025-06-30,8,-26.09
2025-06-02,9,-10.65
2025-06-03,9,23.57
2025-06-04,9,1.93
2025-06-05,9,-26.78
2025-06-06,9,-3.81
2025-06-07,9,-15.21
2025-06-08,9,5.55
2025-06-09,9,-30.63
2025-06-10,9,13.47
2025-06-11,9,-18.98
2025-06-12,9,7.1
2025-06-13,9,-6.1
2025-06-14,9,-18.15
2025-06-15,9,13.31
2025-06-16,9,-2.83
2025-06-17,9,10.16
2025-06-18,9,-7.53
2025-06-19,9,-4.92
2025-06-20,9,16.53
2025-06-21,9,-6.95
2025-06-22,9,-2.29
2025-06-23,9,2.33
2025-06-24,9,-1.17
2025-06-25,9,-12.35
2025-06-26,9,7.4
2025-06-27,9,-44.0
2025-06-28,9,3.31
2025-06-29,9,6.23
2025-06-30,9,5.71
2025-06-02,10,-168.29
2025-06-03,10,43.92
2025-06-04,10,-88.25
2025-06-05,10,-231.76
2025-06-06,10,8.44
2025-06-07,10,-120.94
2025-06-08,10,107.28
2025-06-09,10,-420.4
2025-06-10,10,160.56
2025-06-11,10,-20.05
2025-06-12,10,146.52
2025-06-13,10,-30.27
2025-06-14,10,29.95
2025-06-15,10,-172.8
2025-06-16,10,-22.09
2025-06-17,10,-111.92
2025-06-18,10,36.09
2025-06-19,10,-70.19
2025-06-20,10,29.81
2025-06-21,10,-4.37
2025-06-22,10,37.82
2025-06-23,10,-277.04
2025-06-24,10,-221.99
2025-06-25,10,50.82
2025-06-26,10,87.22
2025-06-27,10,56.84
2025-06-28,10,71.5
2025-06-29,10,77.85
2025-06-30,10,-35.02
2025-06-02,11,84.2
2025-06-03,11,-171.59
2025-06-04,11,40.31
2025-06-05,11,120.97
2025-06-06,11,-20.38
2025-06-07,11,10.07
2025-06-08,11,22.57
2025-06-09,11,304.32
2025-06-10,11,23.5
2025-06-11,11,-19.81
2025-06-12,11,70.58
2025-06-13,11,34.27
2025-06-14,11,40.12
2025-06-15,11,199.15
2025-06-16,11,225.85
2025-06-17,11,-260.55
2025-06-18,11,353.36
2025-06-19,11,-38.52
2025-06-20,11,143.09
2025-06-21,11,-172.08
2025-06-22,11,113.02
2025-06-23,11,117.67
2025-06-24,11,-162.1
2025-06-25,11,222.68
2025-06-26,11,153.78
2025-06-27,11,-138.89
2025-06-28,11,88.41
2025-06-29,11,-129.03
2025-06-30,11,38.98
2025-06-02,12,66.48
2025-06-03,12,239.97
2025-06-04,12,-64.48
2025-06-05,12,-53.07
2025-06-06,12,199.7
2025-06-07,12,54.94
2025-06-08,12,-68.29
2025-06-09,12,-193.7
2025-06-10,12,142.03
2025-06-11,12,39.93
2025-06-12,12,-80.68
2025-06-13,12,60.27
2025-06-14,12,22.62
2025-06-15,12,-222.49
2025-06-16,12,-104.93
2025-06-17,12,231.61
2025-06-18,12,-170.29
2025-06-19,12,60.82
2025-06-20,12,-179.18
2025-06-21,12,220.88
2025-06-22,12,63.06
2025-06-23,12,73.11
2025-06-24,12,-8.58
2025-06-25,12,-152.72
2025-06-26,12,74.31
2025-06-27,12,141.02
2025-06-28,12,-13.55
2025-06-29,12,122.32
2025-06-30,12,42.9
2025-06-02,13,-24.28
2025-06-03,13,-233.76
2025-06-04,13,292.92
2025-06-05,13,269.09
2025-06-06,13,-75.06
2025-06-07,13,219.55
2025-06-08,13,-83.88
2025-06-09,13,210.94
2025-06-10,13,107.53
2025-06-11,13,247.02
2025-06-12,13,-132.2
2025-06-13,13,277.39
2025-06-14,13,159.25
2025-06-15,13,-82.0
2025-06-16,13,357.64
2025-06-17,13,109.82
2025-06-18,13,-117.56
2025-06-19,13,172.94
2025-06-20,13,-84.81
2025-06-21,13,-54.29
2025-06-22,13,297.61
2025-06-23,13,-77.63
2025-06-24,13,99.42
2025-06-25,13,404.2
2025-06-26,13,-67.89
2025-06-27,13,140.7
2025-06-28,13,-181.58
2025-06-29,13,221.65
2025-06-30,13,181.65
2025-06-02,14,15.96
2025-06-03,14,-5.55
2025-06-04,14,1.73
2025-06-05,14,-2.83
2025-06-06,14,-15.71
2025-06-07,14,5.12
2025-06-08,14,11.98
2025-06-09,14,9.87
2025-06-10,14,-25.92
2025-06-11,14,-31.88
2025-06-12,14,13.0
2025-06-13,14,-14.18
2025-06-14,14,8.12
2025-06-15,14,13.55
2025-06-16,14,-21.68
2025-06-17,14,-13.32
2025-06-18,14,-8.59
2025-06-19,14,-15.89
2025-06-20,14,-6.25
2025-06-21,14,8.46
2025-06-22,14,-26.04
2025-06-23,14,16.5
2025-06-24,14,13.79
2025-06-25,14,-10.86
2025-06-26,14,-21.15
2025-06-27,14,15.13
2025-06-28,14,-25.76
2025-06-29,14,-17.69
2025-06-30,14,-10.73
2025-06-02,15,-13.75
2025-06-03,15,-70.77
2025-06-04,15,14.77
2025-06-05,15,23.6
2025-06-06,15,-55.96
2025-06-07,15,3.67
2025-06-08,15,26.27
2025-06-09,15,10.33
2025-06-10,15,15.26
2025-06-11,15,1.88
2025-06-12,15,5.59
2025-06-13,15,-0.5
2025-06-14,15,-14.29
2025-06-15,15,36.04
2025-06-16,15,33.49
2025-06-17,15,-28.74
2025-06-18,15,90.45
2025-06-19,15,-13.13
2025-06-20,15,12.16
2025-06-21,15,-24.72
2025-06-22,15,-38.5
2025-06-23,15,28.47
2025-06-24,15,11.83
2025-06-25,15,-27.66
2025-06-26,15,48.88
2025-06-27,15,-60.83
2025-06-28,15,18.42
2025-06-29,15,-105.56
2025-06-30,15,90.93
2025-06-02,16,45.26
2025-06-03,16,-1.15
2025-06-04,16,20.04
2025-06-05,16,-16.87
2025-06-06,16,49.39
2025-06-07,16,-4.5
2025-06-08,16,16.85
2025-06-09,16,48.53
2025-06-10,16,-23.02
2025-06-11,16,-39.75
2025-06-12,16,13.68
2025-06-13,16,31.44
2025-06-14,16,1.15
2025-06-15,16,38.15
2025-06-16,16,66.54
2025-06-17,16,-8.75
2025-06-18,16,9.43
2025-06-19,16,26.79
2025-06-20,16,10.0
2025-06-21,16,4.24
2025-06-22,16,6.15
2025-06-23,16,-3.9
2025-06-24,16,-4.07
2025-06-25,16,-19.57
2025-06-26,16,56.45
2025-06-27,16,73.07
2025-06-28,16,26.31
2025-06-29,16,-6.85
2025-06-30,16,36.67
2025-06-02,17,11.09
2025-06-03,17,127.21
2025-06-04,17,33.17
2025-06-05,17,41.07
2025-06-06,17,59.17
2025-06-07,17,9.07
2025-06-08,17,56.63
2025-06-09,17,-16.62
2025-06-10,17,125.83
2025-06-11,17,111.91
2025-06-12,17,32.51
2025-06-13,17,67.02
2025-06-14,17,-6.23
2025-06-15,17,-3.51
2025-06-16,17,-0.3
2025-06-17,17,85.44
2025-06-18,17,39.58
2025-06-19,17,-5.32
2025-06-20,17,88.69
2025-06-21,17,-0.45
2025-06-22,17,25.97
2025-06-23,17,184.06
2025-06-24,17,49.4
2025-06-25,17,37.97
2025-06-26,17,-4.89
2025-06-27,17,9.42
2025-06-28,17,13.35
2025-06-29,17,8.99
2025-06-30,17,95.5
2025-06-02,18,-11.59
2025-06-03,18,-60.96
2025-06-04,18,-16.72
2025-06-05,18,-8.1
2025-06-06,18,-4.89
2025-06-07,18,-10.93
2025-06-08,18,-4.09
2025-06-09,18,-27.66
2025-06-10,18,-10.25
2025-06-11,18,-2.52
2025-06-12,18,-12.21
2025-06-13,18,-28.6
2025-06-14,18,-27.13
2025-06-15,18,2.73
2025-06-16,18,-30.23
2025-06-17,18,-13.05
2025-06-18,18,-7.17
2025-06-19,18,-6.09
2025-06-20,18,-63.4
2025-06-21,18,-17.11
2025-06-22,18,-17.32
2025-06-23,18,6.53
2025-06-24,18,-47.38
2025-06-25,18,-2.12
2025-06-26,18,-24.74
2025-06-27,18,-7.73
2025-06-28,18,-48.77
2025-06-29,18,-13.89
2025-06-30,18,-42.24
2025-06-02,19,-110.14
2025-06-03,19,-48.45
2025-06-04,19,-130.04
2025-06-05,19,-61.33
2025-06-06,19,-63.93
2025-06-07,19,-76.33
2025-06-08,19,-58.07
2025-06-09,19,-159.52
2025-06-10,19,-98.89
2025-06-11,19,-63.51
2025-06-12,19,-59.96
2025-06-13,19,-61.3
2025-06-14,19,-46.58
2025-06-15,19,-110.08
2025-06-16,19,-58.08
2025-06-17,19,-66.77
2025-06-18,19,-54.34
2025-06-19,19,-110.34
2025-06-20,19,-42.89
2025-06-21,19,-73.18
2025-06-22,19,-54.96
2025-06-23,19,-116.72
2025-06-24,19,-48.94
2025-06-25,19,-105.88
2025-06-26,19,-73.4
2025-06-27,19,-45.79
2025-06-28,19,-65.17
2025-06-29,19,-66.38
2025-06-30,19,-59.22
2025-06-02,20,-2.35
2025-06-03,20,14.08
2025-06-04,20,7.63
2025-06-05,20,16.23
2025-06-06,20,5.16
2025-06-07,20,2.54
2025-06-08,20,4.84
2025-06-09,20,14.09
2025-06-10,20,12.62
2025-06-11,20,3.92
2025-06-12,20,-0.44
2025-06-13,20,4.8
2025-06-14,20,-3.43
2025-06-15,20,6.06
2025-06-16,20,8.23
2025-06-17,20,6.86
2025-06-18,20,8.56
2025-06-19,20,4.95
2025-06-20,20,22.05
2025-06-21,20,0.33
2025-06-22,20,-5.0
2025-06-23,20,14.37
2025-06-24,20,-18.33
2025-06-25,20,7.67
2025-06-26,20,8.53
2025-06-27,20,-31.22
2025-06-28,20,7.84
2025-06-29,20,-17.63
2025-06-30,20,15.37
2025-06-02,21,-116.04
2025-06-03,21,238.66
2025-06-04,21,-54.33
2025-06-05,21,-70.26
2025-06-06,21,41.21
2025-06-07,21,-119.02
2025-06-08,21,24.28
2025-06-09,21,-271.89
2025-06-10,21,219.32
2025-06-11,21,187.46
2025-06-12,21,-67.33
2025-06-13,21,52.65
2025-06-14,21,-233.03
2025-06-15,21,-218.06
2025-06-16,21,-175.94
2025-06-17,21,133.86
2025-06-18,21,-35.35
2025-06-19,21,-193.47
2025-06-20,21,130.72
2025-06-21,21,-179.51
2025-06-22,21,-83.98
2025-06-23,21,335.84
2025-06-24,21,22.8
2025-06-25,21,-3.89
2025-06-26,21,-231.56
2025-06-27,21,-155.18
2025-06-28,21,-138.53
2025-06-29,21,-140.35
2025-06-30,21,152.32
2025-06-02,22,55.62
2025-06-03,22,-20.39
2025-06-04,22,70.01
2025-06-05,22,-33.14
2025-06-06,22,20.33
2025-06-07,22,19.79
2025-06-08,22,-28.88
2025-06-09,22,84.71
2025-06-10,22,-59.39
2025-06-11,22,9.02
2025-06-12,22,-40.96
2025-06-13,22,-15.69
2025-06-14,22,14.47
2025-06-15,22,48.38
2025-06-16,22,-20.75
2025-06-17,22,17.68
2025-06-18,22,-25.42
2025-06-19,22,50.61
2025-06-20,22,-25.78
2025-06-21,22,22.4
2025-06-22,22,-23.3
2025-06-23,22,58.22
2025-06-24,22,-38.48
2025-06-25,22,64.24
2025-06-26,22,-34.25
2025-06-27,22,-19.34
2025-06-28,22,-35.82
2025-06-29,22,-45.17
2025-06-30,22,3.27
2025-06-02,23,-115.0
2025-06-03,23,-91.1
2025-06-04,23,-111.69
2025-06-05,23,-99.74
2025-06-06,23,-84.74
2025-06-07,23,-87.39
2025-06-08,23,-40.39
2025-06-09,23,-99.54
2025-06-10,23,87.61
2025-06-11,23,-121.36
2025-06-12,23,2.32
2025-06-13,23,26.47
2025-06-14,23,-97.73
2025-06-15,23,-110.52
2025-06-16,23,17.89
2025-06-17,23,-117.0
2025-06-18,23,29.95
2025-06-19,23,-114.45
2025-06-20,23,-100.02
2025-06-21,23,-80.42
2025-06-22,23,-27.46
2025-06-23,23,-115.59
2025-06-24,23,-104.22
2025-06-25,23,-104.35
2025-06-26,23,12.24
2025-06-27,23,-84.59
2025-06-28,23,-71.29
2025-06-29,23,104.99
2025-06-30,23,-129.1
2025-06-02,24,15.09
2025-06-03,24,36.3
2025-06-04,24,37.35
2025-06-05,24,55.08
2025-06-06,24,83.83
2025-06-07,24,18.1
2025-06-08,24,24.07
2025-06-09,24,-20.18
2025-06-10,24,135.08
2025-06-11,24,80.81
2025-06-12,24,82.1
2025-06-13,24,19.14
2025-06-14,24,67.26
2025-06-15,24,-48.47
2025-06-16,24,-83.87
2025-06-17,24,14.07
2025-06-18,24,52.11
2025-06-19,24,34.61
2025-06-20,24,89.65
2025-06-21,24,43.52
2025-06-22,24,57.29
2025-06-23,24,112.11
2025-06-24,24,59.32
2025-06-25,24,29.55
2025-06-26,24,31.85
2025-06-27,24,-155.92
2025-06-28,24,72.39
2025-06-29,24,53.11
2025-06-30,24,47.23
2025-06-02,25,15.28
2025-06-03,25,11.28
2025-06-04,25,22.7
2025-06-05,25,12.82
2025-06-06,25,8.36
2025-06-07,25,18.94
2025-06-08,25,15.99
2025-06-09,25,18.84
2025-06-10,25,4.55
2025-06-11,25,30.91
2025-06-12,25,14.86
2025-06-13,25,30.36
2025-06-14,25,7.02
2025-06-15,25,9.17
2025-06-16,25,36.25
2025-06-17,25,11.19
2025-06-18,25,6.07
2025-06-19,25,25.29
2025-06-20,25,5.18
2025-06-21,25,15.58
2025-06-22,25,19.11
2025-06-23,25,19.76
2025-06-24,25,15.27
2025-06-25,25,42.57
2025-06-26,25,9.67
2025-06-27,25,17.66
2025-06-28,25,11.92
2025-06-29,25,25.4
2025-06-30,25,18.93
2025-06-02,26,114.98
2025-06-03,26,-153.95
2025-06-04,26,110.2
2025-06-05,26,-67.2
2025-06-06,26,-96.07
2025-06-07,26,142.49
2025-06-08,26,54.06
2025-06-09,26,81.42
2025-06-10,26,-94.63
2025-06-11,26,-232.58
2025-06-12,26,171.58
2025-06-13,26,-134.61
2025-06-14,26,-44.3
2025-06-15,26,123.84
2025-06-16,26,-131.45
2025-06-17,26,-35.18
2025-06-18,26,3.79
2025-06-19,26,-169.94
2025-06-20,26,-59.44
2025-06-21,26,-6.87
2025-06-22,26,-93.72
2025-06-23,26,73.06
2025-06-24,26,196.69
2025-06-25,26,68.65
2025-06-26,26,-138.91
2025-06-27,26,201.19
2025-06-28,26,-132.24
2025-06-29,26,-230.31
2025-06-30,26,-88.7
2025-06-02,27,-152.96
2025-06-03,27,-25.18
2025-06-04,27,-91.56
2025-06-05,27,-107.84
2025-06-06,27,100.84
2025-06-07,27,-112.3
2025-06-08,27,-244.59
2025-06-09,27,-169.17
2025-06-10,27,291.71
2025-06-11,27,367.14
2025-06-12,27,-151.26
2025-06-13,27,119.78
2025-06-14,27,-86.33
2025-06-15,27,-241.12
2025-06-16,27,222.01
2025-06-17,27,85.48
2025-06-18,27,-44.91
2025-06-19,27,193.27
2025-06-20,27,153.68
2025-06-21,27,-160.16
2025-06-22,27,307.55
2025-06-23,27,-217.51
2025-06-24,27,-234.03
2025-06-25,27,-55.55
2025-06-26,27,150.99
2025-06-27,27,-247.93
2025-06-28,27,416.95
2025-06-29,27,147.62
2025-06-30,27,26.62
2025-06-02,28,523.13
2025-06-03,28,-45.42
2025-06-04,28,705.74
2025-06-05,28,-198.12
2025-06-06,28,260.53
2025-06-07,28,241.51
2025-06-08,28,-150.1
2025-06-09,28,817.51
2025-06-10,28,-336.59
2025-06-11,28,206.3
2025-06-12,28,-175.06
2025-06-13,28,-48.17
2025-06-14,28,166.92
2025-06-15,28,539.78
2025-06-16,28,-83.54
2025-06-17,28,280.8
2025-06-18,28,-108.9
2025-06-19,28,547.5
2025-06-20,28,-82.77
2025-06-21,28,261.29
2025-06-22,28,-76.43
2025-06-23,28,520.03
2025-06-24,28,-134.47
2025-06-25,28,551.48
2025-06-26,28,-199.88
2025-06-27,28,-68.96
2025-06-28,28,-189.47
2025-06-29,28,-231.83
2025-06-30,28,109.96
2025-06-02,29,-108.58
2025-06-03,29,102.81
2025-06-04,29,-120.01
2025-06-05,29,-0.21
2025-06-06,29,15.42
2025-06-07,29,-131.16
2025-06-08,29,-90.76
2025-06-09,29,-102.62
2025-06-10,29,24.67
2025-06-11,29,320.44
2025-06-12,29,-126.42
2025-06-13,29,89.62
2025-06-14,29,-17.55
2025-06-15,29,-125.41
2025-06-16,29,64.21
2025-06-17,29,-33.18
2025-06-18,29,-73.46
2025-06-19,29,138.17
2025-06-20,29,-18.39
2025-06-21,29,-52.48
2025-06-22,29,23.21
2025-06-23,29,-103.42
2025-06-24,29,-132.69
2025-06-25,29,-98.87
2025-06-26,29,90.14
2025-06-27,29,-130.92
2025-06-28,29,68.4
2025-06-29,29,296.62
2025-06-30,29,22.3
2025-06-02,30,-65.08
2025-06-03,30,45.76
2025-06-04,30,-46.82
2025-06-05,30,101.98
2025-06-06,30,-28.82
2025-06-07,30,-20.95
2025-06-08,30,147.36
2025-06-09,30,251.16
2025-06-10,30,63.95
2025-06-11,30,37.54
2025-06-12,30,-43.53
2025-06-13,30,296.08
2025-06-14,30,-29.69
2025-06-15,30,241.01
2025-06-16,30,86.38
2025-06-17,30,55.29
2025-06-18,30,204.64
2025-06-19,30,160.92
2025-06-20,30,143.92
2025-06-21,30,-136.24
2025-06-22,30,-89.95
2025-06-23,30,204.97
2025-06-24,30,-229.0
2025-06-25,30,326.64
2025-06-26,30,214.31
2025-06-27,30,-362.05
2025-06-28,30,204.83
2025-06-29,30,-176.89
2025-06-30,30,81.52
2025-06-02,31,29.23
2025-06-03,31,-93.58
2025-06-04,31,3.27
2025-06-05,31,20.43
2025-06-06,31,-24.63
2025-06-07,31,36.82
2025-06-08,31,-18.38
2025-06-09,31,89.35
2025-06-10,31,-90.77
2025-06-11,31,-82.67
2025-06-12,31,12.41
2025-06-13,31,-29.36
2025-06-14,31,73.98
2025-06-15,31,65.84
2025-06-16,31,50.92
2025-06-17,31,-65.36
2025-06-18,31,-2.9
2025-06-19,31,62.71
2025-06-20,31,-66.9
2025-06-21,31,57.68
2025-06-22,31,35.04
2025-06-23,31,-127.65
2025-06-24,31,-12.05
2025-06-25,31,-6.75
2025-06-26,31,80.67
2025-06-27,31,42.7
2025-06-28,31,37.5
2025-06-29,31,28.87
2025-06-30,31,-59.51
2025-06-02,32,151.74
2025-06-03,32,59.85
2025-06-04,32,93.08
2025-06-05,32,105.38
2025-06-06,32,30.4
2025-06-07,32,109.44
2025-06-08,32,233.44
2025-06-09,32,150.46
2025-06-10,32,0.78
2025-06-11,32,-7.42
2025-06-12,32,145.42
2025-06-13,32,21.55
2025-06-14,32,99.62
2025-06-15,32,227.06
2025-06-16,32,19.23
2025-06-17,32,33.1
2025-06-18,32,77.1
2025-06-19,32,6.09
2025-06-20,32,17.92
2025-06-21,32,156.0
2025-06-22,32,-1.39
2025-06-23,32,213.04
2025-06-24,32,224.88
2025-06-25,32,91.33
2025-06-26,32,25.08
2025-06-27,32,265.86
2025-06-28,32,-23.45
2025-06-29,32,25.44
2025-06-30,32,49.7
2025-06-02,33,87.72
2025-06-03,33,-51.76
2025-06-04,33,-4.49
2025-06-05,33,19.77
2025-06-06,33,-114.46
2025-06-07,33,19.22
2025-06-08,33,299.48
2025-06-09,33,101.49
2025-06-10,33,-146.58
2025-06-11,33,-144.71
2025-06-12,33,80.48
2025-06-13,33,-110.98
2025-06-14,33,-6.0
2025-06-15,33,272.05
2025-06-16,33,-144.83
2025-06-17,33,-103.69
2025-06-18,33,-40.19
2025-06-19,33,-130.44
2025-06-20,33,-114.36
2025-06-21,33,85.91
2025-06-22,33,-151.92
2025-06-23,33,216.96
2025-06-24,33,250.21
2025-06-25,33,-28.83
2025-06-26,33,-143.02
2025-06-27,33,346.27
2025-06-28,33,-144.51
2025-06-29,33,-135.89
2025-06-30,33,-84.47
2025-06-02,34,47.8
2025-06-03,34,17.94
2025-06-04,34,25.01
2025-06-05,34,25.74
2025-06-06,34,9.03
2025-06-07,34,38.39
2025-06-08,34,13.55
2025-06-09,34,96.36
2025-06-10,34,6.5
2025-06-11,34,12.71
2025-06-12,34,23.62
2025-06-13,34,15.16
2025-06-14,34,82.55
2025-06-15,34,75.37
2025-06-16,34,56.43
2025-06-17,34,6.08
2025-06-18,34,10.0
2025-06-19,34,65.46
2025-06-20,34,-2.61
2025-06-21,34,66.28
2025-06-22,34,36.51
2025-06-23,34,19.29
2025-06-24,34,16.39
2025-06-25,34,26.25
2025-06-26,34,85.16
2025-06-27,34,47.67
2025-06-28,34,59.63
2025-06-29,34,40.65
2025-06-30,34,5.16
2025-06-02,35,23.65
2025-06-03,35,-383.79
2025-06-04,35,135.21
2025-06-05,35,155.41
2025-06-06,35,158.2
2025-06-07,35,135.88
2025-06-08,35,43.91
2025-06-09,35,-68.31
2025-06-10,35,66.83
2025-06-11,35,161.24
2025-06-12,35,122.05
2025-06-13,35,-26.08
2025-06-14,35,-91.98
2025-06-15,35,260.0
2025-06-16,35,-111.42
2025-06-17,35,99.05
2025-06-18,35,65.91
2025-06-19,35,216.28
2025-06-20,35,-349.01
2025-06-21,35,6.49
2025-06-22,35,-66.06
2025-06-23,35,185.0
2025-06-24,35,-297.68
2025-06-25,35,456.61
2025-06-26,35,-57.97
2025-06-27,35,270.56
2025-06-28,35,-270.0
2025-06-29,35,39.94
2025-06-30,35,-200.17
2025-06-02,36,-3.19
2025-06-03,36,72.36
2025-06-04,36,-19.43
2025-06-05,36,24.76
2025-06-06,36,501.5
2025-06-07,36,-184.89
2025-06-08,36,5.33
2025-06-09,36,5.72
2025-06-10,36,16.88
2025-06-11,36,162.85
2025-06-12,36,435.13
2025-06-13,36,-148.81
2025-06-14,36,296.8
2025-06-15,36,259.56
2025-06-16,36,108.44
2025-06-17,36,102.47
2025-06-18,36,-194.92
2025-06-19,36,272.94
2025-06-20,36,120.76
2025-06-21,36,10.48
2025-06-22,36,536.61
2025-06-23,36,95.97
2025-06-24,36,208.73
2025-06-25,36,113.1
2025-06-26,36,-262.38
2025-06-27,36,-31.47
2025-06-28,36,608.62
2025-06-29,36,-214.61
2025-06-30,36,-131.55
2025-06-02,37,249.55
2025-06-03,37,-60.35
2025-06-04,37,308.55
2025-06-05,37,-208.77
2025-06-06,37,137.66
2025-06-07,37,135.07
2025-06-08,37,-168.05
2025-06-09,37,329.16
2025-06-10,37,-455.74
2025-06-11,37,105.62
2025-06-12,37,-200.25
2025-06-13,37,-45.76
2025-06-14,37,87.35
2025-06-15,37,257.81
2025-06-16,37,-92.55
2025-06-17,37,147.86
2025-06-18,37,-112.7
2025-06-19,37,254.42
2025-06-20,37,-91.01
2025-06-21,37,137.42
2025-06-22,37,-99.84
2025-06-23,37,244.82
2025-06-24,37,-139.34
2025-06-25,37,259.79
2025-06-26,37,-213.77
2025-06-27,37,-65.6
2025-06-28,37,-212.78
2025-06-29,37,-265.5
2025-06-30,37,50.77
2025-06-02,38,-53.5
2025-06-03,38,14.28
2025-06-04,38,-94.49
2025-06-05,38,68.7
2025-06-06,38,17.83
2025-06-07,38,-80.02
2025-06-08,38,-125.38
2025-06-09,38,-45.05
2025-06-10,38,189.26
2025-06-11,38,72.02
2025-06-12,38,-55.39
2025-06-13,38,51.26
2025-06-14,38,-56.82
2025-06-15,38,-38.18
2025-06-16,38,-1.82
2025-06-17,38,-14.47
2025-06-18,38,-28.36
2025-06-19,38,95.03
2025-06-20,38,52.84
2025-06-21,38,-14.36
2025-06-22,38,-8.49
2025-06-23,38,-25.7
2025-06-24,38,-108.1
2025-06-25,38,-9.97
2025-06-26,38,64.47
2025-06-27,38,-135.35
2025-06-28,38,133.77
2025-06-29,38,117.01
2025-06-30,38,28.22
2025-06-02,39,-20.11
2025-06-03,39,-51.41
2025-06-04,39,-30.43
2025-06-05,39,-87.72
2025-06-06,39,-43.93
2025-06-07,39,-23.48
2025-06-08,39,-38.61
2025-06-09,39,-29.81
2025-06-10,39,-203.96
2025-06-11,39,-95.44
2025-06-12,39,-30.44
2025-06-13,39,-66.24
2025-06-14,39,-20.83
2025-06-15,39,-29.1
2025-06-16,39,-56.33
2025-06-17,39,-40.94
2025-06-18,39,-14.64
2025-06-19,39,-128.74
2025-06-20,39,-79.5
2025-06-21,39,-29.14
2025-06-22,39,-39.88
2025-06-23,39,-37.67
2025-06-24,39,-51.25
2025-06-25,39,-33.52
2025-06-26,39,-91.95
2025-06-27,39,-60.16
2025-06-28,39,-156.66
2025-06-29,39,-150.29
2025-06-30,39,-73.63
2025-06-02,40,-100.15
2025-06-03,40,28.11
2025-06-04,40,-13.95
2025-06-05,40,-49.7
2025-06-06,40,94.08
2025-06-07,40,-37.56
2025-06-08,40,-256.21
2025-06-09,40,-110.09
2025-06-10,40,177.06
2025-06-11,40,196.77
2025-06-12,40,-100.76
2025-06-13,40,106.67
2025-06-14,40,-22.35
2025-06-15,40,-235.79
2025-06-16,40,143.77
2025-06-17,40,87.18
2025-06-18,40,19.87
2025-06-19,40,133.97
2025-06-20,40,120.08
2025-06-21,40,-108.97
2025-06-22,40,174.89
2025-06-23,40,-212.34
2025-06-24,40,-229.84
2025-06-25,40,1.06
2025-06-26,40,116.01
2025-06-27,40,-279.46
2025-06-28,40,202.44
2025-06-29,40,110.77
2025-06-30,40,57.05
2025-06-02,41,3.69
2025-06-03,41,-36.39
2025-06-04,41,52.99
2025-06-05,41,43.72
2025-06-06,41,-11.77
2025-06-07,41,32.32
2025-06-08,41,-18.74
2025-06-09,41,36.07
2025-06-10,41,24.57
2025-06-11,41,40.75
2025-06-12,41,-9.74
2025-06-13,41,54.59
2025-06-14,41,29.66
2025-06-15,41,-14.96
2025-06-16,41,55.18
2025-06-17,41,21.88
2025-06-18,41,-13.5
2025-06-19,41,30.47
2025-06-20,41,-10.25
2025-06-21,41,-3.9
2025-06-22,41,48.12
2025-06-23,41,-4.29
2025-06-24,41,24.77
2025-06-25,41,59.88
2025-06-26,41,2.78
2025-06-27,41,24.8
2025-06-28,41,-32.65
2025-06-29,41,42.8
2025-06-30,41,30.55
2025-06-02,42,-36.96
2025-06-03,42,21.22
2025-06-04,42,-23.01
2025-06-05,42,112.24
2025-06-06,42,-38.37
2025-06-07,42,-37.43
2025-06-08,42,93.79
2025-06-09,42,-23.41
2025-06-10,42,246.85
2025-06-11,42,-36.48
2025-06-12,42,94.62
2025-06-13,42,26.5
2025-06-14,42,-15.76
2025-06-15,42,-45.57
2025-06-16,42,39.75
2025-06-17,42,-30.77
2025-06-18,42,61.52
2025-06-19,42,-45.55
2025-06-20,42,55.87
2025-06-21,42,-31.63
2025-06-22,42,56.67
2025-06-23,42,-38.71
2025-06-24,42,59.49
2025-06-25,42,-38.31
2025-06-26,42,111.13
2025-06-27,42,33.32
2025-06-28,42,104.92
2025-06-29,42,136.76
2025-06-30,42,-24.27
2025-06-02,43,-88.8
2025-06-03,43,251.22
2025-06-04,43,11.32
2025-06-05,43,-164.57
2025-06-06,43,8.18
2025-06-07,43,-110.74
2025-06-08,43,162.38
2025-06-09,43,-200.53
2025-06-10,43,95.16
2025-06-11,43,-67.05
2025-06-12,43,13.94
2025-06-13,43,-84.41
2025-06-14,43,-108.8
2025-06-15,43,142.06
2025-06-16,43,-10.05
2025-06-17,43,61.83
2025-06-18,43,-103.76
2025-06-19,43,29.83
2025-06-20,43,201.47
2025-06-21,43,-44.06
2025-06-22,43,-2.56
2025-06-23,43,75.94
2025-06-24,43,-77.27
2025-06-25,43,-134.23
2025-06-26,43,160.29
2025-06-27,43,-251.94
2025-06-28,43,61.97
2025-06-29,43,48.93
2025-06-30,43,68.65
2025-06-02,44,-387.18
2025-06-03,44,329.79
2025-06-04,44,-371.78
2025-06-05,44,54.65
2025-06-06,44,146.95
2025-06-07,44,-448.66
2025-06-08,44,-263.97
2025-06-09,44,-279.14
2025-06-10,44,165.13
2025-06-11,44,615.24
2025-06-12,44,-487.79
2025-06-13,44,277.27
2025-06-14,44,1.93
2025-06-15,44,-405.52
2025-06-16,44,241.15
2025-06-17,44,-18.15
2025-06-18,44,-99.68
2025-06-19,44,374.17
2025-06-20,44,63.25
2025-06-21,44,-82.76
2025-06-22,44,155.85
2025-06-23,44,-275.96
2025-06-24,44,-547.42
2025-06-25,44,-267.73
2025-06-26,44,310.31
2025-06-27,44,-585.69
2025-06-28,44,265.57
2025-06-29,44,617.38
2025-06-30,44,132.27
2025-06-02,45,2.87
2025-06-03,45,0.42
2025-06-04,45,5.1
2025-06-05,45,-1.06
2025-06-06,45,0.76
2025-06-07,45,-1.89
2025-06-08,45,7.61
2025-06-09,45,-0.6
2025-06-10,45,-1.0
2025-06-11,45,-4.4
2025-06-12,45,12.76
2025-06-13,45,1.28
2025-06-14,45,0.78
2025-06-15,45,16.47
2025-06-16,45,-1.43
2025-06-17,45,2.59
2025-06-18,45,20.55
2025-06-19,45,-0.17
2025-06-20,45,18.41
2025-06-21,45,-8.98
2025-06-22,45,-5.77
2025-06-23,45,-2.48
2025-06-24,45,2.44
2025-06-25,45,7.72
2025-06-26,45,-0.35
2025-06-27,45,-2.64
2025-06-28,45,-4.08
2025-06-29,45,-0.03
2025-06-30,45,1.72
2025-06-02,46,202.33
2025-06-03,46,-342.32
2025-06-04,46,212.61
2025-06-05,46,-102.08
2025-06-06,46,-170.52
2025-06-07,46,235.43
2025-06-08,46,124.66
2025-06-09,46,153.74
2025-06-10,46,-176.47
2025-06-11,46,-721.64
2025-06-12,46,282.09
2025-06-13,46,-307.62
2025-06-14,46,-67.22
2025-06-15,46,231.99
2025-06-16,46,-257.36
2025-06-17,46,-31.15
2025-06-18,46,48.84
2025-06-19,46,-414.41
2025-06-20,46,-80.04
2025-06-21,46,10.31
2025-06-22,46,-168.54
2025-06-23,46,164.13
2025-06-24,46,298.2
2025-06-25,46,140.99
2025-06-26,46,-296.81
2025-06-27,46,313.61
2025-06-28,46,-269.26
2025-06-29,46,-676.11
2025-06-30,46,-155.38
2025-06-02,47,88.45
2025-06-03,47,-79.65
2025-06-04,47,64.37
2025-06-05,47,102.66
2025-06-06,47,6.79
2025-06-07,47,33.34
2025-06-08,47,39.45
2025-06-09,47,204.95
2025-06-10,47,51.91
2025-06-11,47,9.48
2025-06-12,47,75.85
2025-06-13,47,55.76
2025-06-14,47,63.7
2025-06-15,47,142.22
2025-06-16,47,173.84
2025-06-17,47,-129.5
2025-06-18,47,229.76
2025-06-19,47,5.95
2025-06-20,47,130.77
2025-06-21,47,-73.36
2025-06-22,47,106.35
2025-06-23,47,103.63
2025-06-24,47,-61.5
2025-06-25,47,175.53
2025-06-26,47,116.99
2025-06-27,47,-52.72
2025-06-28,47,94.57
2025-06-29,47,-43.8
2025-06-30,47,60.29
2025-06-02,48,-37.2
2025-06-03,48,-415.42
2025-06-04,48,65.8
2025-06-05,48,80.05
2025-06-06,48,89.74
2025-06-07,48,76.56
2025-06-08,48,-18.06
2025-06-09,48,-131.38
2025-06-10,48,4.97
2025-06-11,48,89.42
2025-06-12,48,50.0
2025-06-13,48,-88.01
2025-06-14,48,-145.34
2025-06-15,48,175.29
2025-06-16,48,-163.88
2025-06-17,48,37.54
2025-06-18,48,-9.89
2025-06-19,48,140.86
2025-06-20,48,-395.24
2025-06-21,48,-65.35
2025-06-22,48,-118.18
2025-06-23,48,115.9
2025-06-24,48,-337.32
2025-06-25,48,360.1
2025-06-26,48,-123.41
2025-06-27,48,182.13
2025-06-28,48,-305.96
2025-06-29,48,-22.11
2025-06-30,48,-240.96
2025-06-02,49,-177.81
2025-06-03,49,71.85
2025-06-04,49,-236.28
2025-06-05,49,182.14
2025-06-06,49,-86.7
2025-06-07,49,-87.68
2025-06-08,49,152.57
2025-06-09,49,-266.08
2025-06-10,49,349.25
2025-06-11,49,-61.64
2025-06-12,49,165.77
2025-06-13,49,58.63
2025-06-14,49,-42.52
2025-06-15,49,-184.13
2025-06-16,49,90.28
2025-06-17,49,-94.75
2025-06-18,49,111.73
2025-06-19,49,-195.32
2025-06-20,49,96.89
2025-06-21,49,-86.85
2025-06-22,49,94.71
2025-06-23,49,-180.17
2025-06-24,49,127.05
2025-06-25,49,-187.27
2025-06-26,49,192.42
2025-06-27,49,74.98
2025-06-28,49,184.59
2025-06-29,49,216.26
2025-06-30,49,-10.91
2025-06-02,50,-11.16
2025-06-03,50,15.01
2025-06-04,50,-15.55
2025-06-05,50,0.55
2025-06-06,50,99.88
2025-06-07,50,-82.82
2025-06-08,50,-8.66
2025-06-09,50,-4.38
2025-06-10,50,-0.72
2025-06-11,50,38.72
2025-06-12,50,95.64
2025-06-13,50,-71.97
2025-06-14,50,70.3
2025-06-15,50,69.38
2025-06-16,50,24.24
2025-06-17,50,30.39
2025-06-18,50,-91.8
2025-06-19,50,60.38
2025-06-20,50,23.13
2025-06-21,50,-0.98
2025-06-22,50,109.96
2025-06-23,50,32.09
2025-06-24,50,52.07
2025-06-25,50,22.56
2025-06-26,50,-159.68
2025-06-27,50,-10.58
2025-06-28,50,118.54
2025-06-29,50,-112.49
2025-06-30,50,-55.95
